http://www.isfdb.org/cgi-bin/title.cgi?1106089,Adrift in the Stratosphere
http://www.isfdb.org/cgi-bin/title.cgi?636481,The Green Man of Graypec
http://www.isfdb.org/cgi-bin/title.cgi?20170,City at World's End
http://www.isfdb.org/cgi-bin/title.cgi?38358,The Last Space Ship
http://www.isfdb.org/cgi-bin/title.cgi?1376500,L'univers vivant
http://www.isfdb.org/cgi-bin/title.cgi?21571,The Martian Chronicles
http://www.isfdb.org/cgi-bin/title.cgi?852143,Tomorrow Sometimes Comes
http://www.isfdb.org/cgi-bin/title.cgi?9564,David Starr: Space Ranger
http://www.isfdb.org/cgi-bin/title.cgi?8401,The Voyage of the Space Beagle
http://www.isfdb.org/cgi-bin/title.cgi?867889,Antro the Life-Giver
http://www.isfdb.org/cgi-bin/title.cgi?1513285,The Man Who Sold the Moon
http://www.isfdb.org/cgi-bin/title.cgi?11343,From What Far Star?
http://www.isfdb.org/cgi-bin/title.cgi?2090,Donovan's Brain
http://www.isfdb.org/cgi-bin/title.cgi?2681,The Metal Eater
http://www.isfdb.org/cgi-bin/title.cgi?2740,World at Bay
http://www.isfdb.org/cgi-bin/title.cgi?15258,Sentinels from Space
http://www.isfdb.org/cgi-bin/title.cgi?16229,Three Go Back
http://www.isfdb.org/cgi-bin/title.cgi?31723,The Illustrated Man
http://www.isfdb.org/cgi-bin/title.cgi?8426,Spaceways
http://www.isfdb.org/cgi-bin/title.cgi?6129,Sixth Column
http://www.isfdb.org/cgi-bin/title.cgi?1119,The Currents of Space
http://www.isfdb.org/cgi-bin/title.cgi?1037055,Les étoiles ne s'en foutent pas
http://www.isfdb.org/cgi-bin/title.cgi?1192,Slan
http://www.isfdb.org/cgi-bin/title.cgi?1037063,La tentation cosmique
http://www.isfdb.org/cgi-bin/title.cgi?5243,The Haploids
http://www.isfdb.org/cgi-bin/title.cgi?2248,Childhood's End
http://www.isfdb.org/cgi-bin/title.cgi?1037078,Chute libre
http://www.isfdb.org/cgi-bin/title.cgi?1406,Pebble in the Sky
http://www.isfdb.org/cgi-bin/title.cgi?866,What Mad Universe
http://www.isfdb.org/cgi-bin/title.cgi?2373,Beyond This Horizon
http://www.isfdb.org/cgi-bin/title.cgi?795,The World of Null-A
http://www.isfdb.org/cgi-bin/title.cgi?1038149,Les robinsons du cosmos
http://www.isfdb.org/cgi-bin/title.cgi?1972,Fahrenheit 451
http://www.isfdb.org/cgi-bin/title.cgi?273621,Time and Again
http://www.isfdb.org/cgi-bin/title.cgi?2122,The Demolished Man
http://www.isfdb.org/cgi-bin/title.cgi?9565,Lucky Starr and the Pirates of the Asteroids
http://www.isfdb.org/cgi-bin/title.cgi?2266,The Caves of Steel
http://www.isfdb.org/cgi-bin/title.cgi?1037082,En avant, Mars! ...
http://www.isfdb.org/cgi-bin/title.cgi?2080,Double Star
http://www.isfdb.org/cgi-bin/title.cgi?1060,The Syndic
http://www.isfdb.org/cgi-bin/title.cgi?1037095,Les voyants
http://www.isfdb.org/cgi-bin/title.cgi?3241,Ring Around the Sun
http://www.isfdb.org/cgi-bin/title.cgi?1037088,Les savants dans l'arène
http://www.isfdb.org/cgi-bin/title.cgi?7582,Wine of the Dreamers
http://www.isfdb.org/cgi-bin/title.cgi?1037059,La dixième planète
http://www.isfdb.org/cgi-bin/title.cgi?1560,Martians, Go Home
http://www.isfdb.org/cgi-bin/title.cgi?1037086,Via Velpa
http://www.isfdb.org/cgi-bin/title.cgi?16515,I Am Legend
http://www.isfdb.org/cgi-bin/title.cgi?1535145,Vuzz...
http://www.isfdb.org/cgi-bin/title.cgi?9566,Lucky Starr and the Oceans of Venus
http://www.isfdb.org/cgi-bin/title.cgi?1711353,Portes sur l'inconnu
http://www.isfdb.org/cgi-bin/title.cgi?1376542,Alerte aux robots !
http://www.isfdb.org/cgi-bin/title.cgi?2357403,La mort de la Terre
http://www.isfdb.org/cgi-bin/title.cgi?1376545,Retour à ''0''
http://www.isfdb.org/cgi-bin/title.cgi?38037,The Golden Apples of the Sun
http://www.isfdb.org/cgi-bin/title.cgi?1178474,Niourk
http://www.isfdb.org/cgi-bin/title.cgi?9568,Lucky Starr and the Moons of Jupiter
http://www.isfdb.org/cgi-bin/title.cgi?3239,Rogue Queen
http://www.isfdb.org/cgi-bin/title.cgi?3978,Takeoff
http://www.isfdb.org/cgi-bin/title.cgi?1376552,L'orphelin de Perdide
http://www.isfdb.org/cgi-bin/title.cgi?1376554,Surface de la planète
http://www.isfdb.org/cgi-bin/title.cgi?11179,Destination: Universe!
http://www.isfdb.org/cgi-bin/title.cgi?6132,Time for the Stars
http://www.isfdb.org/cgi-bin/title.cgi?1044901,Oms en série
http://www.isfdb.org/cgi-bin/title.cgi?8429,Timeliner
http://www.isfdb.org/cgi-bin/title.cgi?1090063,Aux armes d'Ortog
http://www.isfdb.org/cgi-bin/title.cgi?924,Venus Plus X
http://www.isfdb.org/cgi-bin/title.cgi?38038,Space on My Hands
http://www.isfdb.org/cgi-bin/title.cgi?621593,Star Ship
http://www.isfdb.org/cgi-bin/title.cgi?1485,The Naked Sun
http://www.isfdb.org/cgi-bin/title.cgi?2139,The Day of the Triffids
http://www.isfdb.org/cgi-bin/title.cgi?1179049,Rayons pour Sidar
http://www.isfdb.org/cgi-bin/title.cgi?1376582,На оранжевой планете
http://www.isfdb.org/cgi-bin/title.cgi?2685,Alien Dust
http://www.isfdb.org/cgi-bin/title.cgi?15295,Level 7
http://www.isfdb.org/cgi-bin/title.cgi?1044880,La peur géante
http://www.isfdb.org/cgi-bin/title.cgi?7701,The Midwich Cuckoos
http://www.isfdb.org/cgi-bin/title.cgi?14877,They Walked Like Men
http://www.isfdb.org/cgi-bin/title.cgi?1118695,La machine du pouvoir
http://www.isfdb.org/cgi-bin/title.cgi?1339006,Pour patrie, l'espace
http://www.isfdb.org/cgi-bin/title.cgi?1040289,Le signe du chien
http://www.isfdb.org/cgi-bin/title.cgi?7382,Le temps n'a pas d'odeur
http://www.isfdb.org/cgi-bin/title.cgi?1376612,Le satellite sombre
http://www.isfdb.org/cgi-bin/title.cgi?2355,The Black Cloud
http://www.isfdb.org/cgi-bin/title.cgi?6874,Le temple du passé
http://www.isfdb.org/cgi-bin/title.cgi?17331,Foundation and Empire
http://www.isfdb.org/cgi-bin/title.cgi?9017,Seed of Light
http://www.isfdb.org/cgi-bin/title.cgi?1376618,L'ère des Biocybs
http://www.isfdb.org/cgi-bin/title.cgi?17095,Second Foundation
http://www.isfdb.org/cgi-bin/title.cgi?1192028,Piège sur Zarkass
http://www.isfdb.org/cgi-bin/title.cgi?899,The War Against the Rull
http://www.isfdb.org/cgi-bin/title.cgi?20172,Outside the Universe
http://www.isfdb.org/cgi-bin/title.cgi?38080,The Machineries of Joy
http://www.isfdb.org/cgi-bin/title.cgi?1969,A Fall of Moondust
http://www.isfdb.org/cgi-bin/title.cgi?1969,A Fall of Moondust
http://www.isfdb.org/cgi-bin/title.cgi?8418,Crisis 2000
http://www.isfdb.org/cgi-bin/title.cgi?58364,And So Died Riabouchinska
http://www.isfdb.org/cgi-bin/title.cgi?767,A for Andromeda
http://www.isfdb.org/cgi-bin/title.cgi?241151,A Small Armageddon
http://www.isfdb.org/cgi-bin/title.cgi?966850,L'éternel Adam
http://www.isfdb.org/cgi-bin/title.cgi?768,Andromeda Breakthrough
http://www.isfdb.org/cgi-bin/title.cgi?1041752,Válka s mloky
http://www.isfdb.org/cgi-bin/title.cgi?4750,Marooned
http://www.isfdb.org/cgi-bin/title.cgi?4750,Marooned
http://www.isfdb.org/cgi-bin/title.cgi?11453,Cosmic Engineers
http://www.isfdb.org/cgi-bin/title.cgi?8419,The Darkest of Nights
http://www.isfdb.org/cgi-bin/title.cgi?1193777,La mort vivante
http://www.isfdb.org/cgi-bin/title.cgi?13569,Dandelion Wine
http://www.isfdb.org/cgi-bin/title.cgi?3568,The Drowned World
http://www.isfdb.org/cgi-bin/title.cgi?31505,The Enemy Stars
http://www.isfdb.org/cgi-bin/title.cgi?2084,The Door Into Summer
http://www.isfdb.org/cgi-bin/title.cgi?2439,All Flesh Is Grass
http://www.isfdb.org/cgi-bin/title.cgi?3554,The Duplicators
http://www.isfdb.org/cgi-bin/title.cgi?14246,Rogue Ship
http://www.isfdb.org/cgi-bin/title.cgi?3570,The Crystal World
http://www.isfdb.org/cgi-bin/title.cgi?8422,High Vacuum
http://www.isfdb.org/cgi-bin/title.cgi?23788,City
http://www.isfdb.org/cgi-bin/title.cgi?1908,The Forgotten Planet
http://www.isfdb.org/cgi-bin/title.cgi?1502,The Moon Is a Harsh Mistress
http://www.isfdb.org/cgi-bin/title.cgi?1502,The Moon Is a Harsh Mistress
http://www.isfdb.org/cgi-bin/title.cgi?1426,The Kraken Wakes
http://www.isfdb.org/cgi-bin/title.cgi?9011,Transit
http://www.isfdb.org/cgi-bin/title.cgi?14874,Why Call Them Back from Heaven?
http://www.isfdb.org/cgi-bin/title.cgi?6130,Farnham's Freehold
http://www.isfdb.org/cgi-bin/title.cgi?6130,Farnham's Freehold
http://www.isfdb.org/cgi-bin/title.cgi?5266,War of the Wing-Men
http://www.isfdb.org/cgi-bin/title.cgi?14249,The House That Stood Still
http://www.isfdb.org/cgi-bin/title.cgi?7309,The Time Tunnel
http://www.isfdb.org/cgi-bin/title.cgi?1112,Starship Troopers
http://www.isfdb.org/cgi-bin/title.cgi?832300,City Under the Sea
http://www.isfdb.org/cgi-bin/title.cgi?6698,Way Station
http://www.isfdb.org/cgi-bin/title.cgi?23322,Time Is the Simplest Thing
http://www.isfdb.org/cgi-bin/title.cgi?17693,Revolt in 2100
http://www.isfdb.org/cgi-bin/title.cgi?38666,Crashing Suns
http://www.isfdb.org/cgi-bin/title.cgi?1892302,The Mutant Weapon
http://www.isfdb.org/cgi-bin/title.cgi?1786167,Earth's Last Fortress
http://www.isfdb.org/cgi-bin/title.cgi?9012,A Far Sunset
http://www.isfdb.org/cgi-bin/title.cgi?1532,Methuselah's Children
http://www.isfdb.org/cgi-bin/title.cgi?4761,The God Machine
http://www.isfdb.org/cgi-bin/title.cgi?4761,The God Machine
http://www.isfdb.org/cgi-bin/title.cgi?8415,B.E.A.S.T.
http://www.isfdb.org/cgi-bin/title.cgi?14875,The Werewolf Principle
http://www.isfdb.org/cgi-bin/title.cgi?14875,The Werewolf Principle
http://www.isfdb.org/cgi-bin/title.cgi?3533,This World Is Taboo
http://www.isfdb.org/cgi-bin/title.cgi?5331,No World of Their Own
http://www.isfdb.org/cgi-bin/title.cgi?22203,The Day They H-Bombed Los Angeles
http://www.isfdb.org/cgi-bin/title.cgi?5340,After Doomsday
http://www.isfdb.org/cgi-bin/title.cgi?4562,All the Colors of Darkness
http://www.isfdb.org/cgi-bin/title.cgi?1865,The Goblin Reservation
http://www.isfdb.org/cgi-bin/title.cgi?787,Worlds of the Imperium
http://www.isfdb.org/cgi-bin/title.cgi?676117,Death Is a Dream
http://www.isfdb.org/cgi-bin/title.cgi?3516,The Reefs of Space
http://www.isfdb.org/cgi-bin/title.cgi?1387,The Pirates of Zan
http://www.isfdb.org/cgi-bin/title.cgi?14252,The Book of Ptath
http://www.isfdb.org/cgi-bin/title.cgi?22674,The Furies
http://www.isfdb.org/cgi-bin/title.cgi?3517,Starchild
http://www.isfdb.org/cgi-bin/title.cgi?14245,The Silkie
http://www.isfdb.org/cgi-bin/title.cgi?3564,Unknown Danger
http://www.isfdb.org/cgi-bin/title.cgi?8395,Player Piano
http://www.isfdb.org/cgi-bin/title.cgi?8395,Player Piano
http://www.isfdb.org/cgi-bin/title.cgi?2028,Earthblood
http://www.isfdb.org/cgi-bin/title.cgi?1584,The Maker of Universes
http://www.isfdb.org/cgi-bin/title.cgi?743721,The Sands of Mars
http://www.isfdb.org/cgi-bin/title.cgi?14878,Out of Their Minds
http://www.isfdb.org/cgi-bin/title.cgi?37115,Doctor to the Stars
http://www.isfdb.org/cgi-bin/title.cgi?9021,All Fools' Day
http://www.isfdb.org/cgi-bin/title.cgi?2611,Star Well
http://www.isfdb.org/cgi-bin/title.cgi?3518,Rogue Star
http://www.isfdb.org/cgi-bin/title.cgi?4561,The Angry Espers
http://www.isfdb.org/cgi-bin/title.cgi?2283,A Canticle for Leibowitz
http://www.isfdb.org/cgi-bin/title.cgi?2283,A Canticle for Leibowitz
http://www.isfdb.org/cgi-bin/title.cgi?2283,A Canticle for Leibowitz
http://www.isfdb.org/cgi-bin/title.cgi?9018,The Last Continent
http://www.isfdb.org/cgi-bin/title.cgi?12085,Seven Steps to the Sun
http://www.isfdb.org/cgi-bin/title.cgi?4560,The Still, Small Voice of Trumpets
http://www.isfdb.org/cgi-bin/title.cgi?4239,The Watch Below
http://www.isfdb.org/cgi-bin/title.cgi?505101,Ossian's Ride
http://www.isfdb.org/cgi-bin/title.cgi?21902,Children of Tomorrow
http://www.isfdb.org/cgi-bin/title.cgi?21902,Children of Tomorrow
http://www.isfdb.org/cgi-bin/title.cgi?3980,Wolfbane
http://www.isfdb.org/cgi-bin/title.cgi?3295,The Dreaming Earth
http://www.isfdb.org/cgi-bin/title.cgi?4238,Open Prison
http://www.isfdb.org/cgi-bin/title.cgi?1867,Glory Road
http://www.isfdb.org/cgi-bin/title.cgi?1867,Glory Road
http://www.isfdb.org/cgi-bin/title.cgi?2242,A Choice of Gods
http://www.isfdb.org/cgi-bin/title.cgi?11455,Drunkard's Walk
http://www.isfdb.org/cgi-bin/title.cgi?62698,A Message in Secret
http://www.isfdb.org/cgi-bin/title.cgi?2093,The Third Ear
http://www.isfdb.org/cgi-bin/title.cgi?1159,The Space Merchants
http://www.isfdb.org/cgi-bin/title.cgi?3979,Search the Sky
http://www.isfdb.org/cgi-bin/title.cgi?32831,Waldo and Magic, Inc.
http://www.isfdb.org/cgi-bin/title.cgi?2747,S.T.A.R. Flight
http://www.isfdb.org/cgi-bin/title.cgi?9486,The Pictures of Pavanne
http://www.isfdb.org/cgi-bin/title.cgi?21944,These Savage Futurians
http://www.isfdb.org/cgi-bin/title.cgi?8156,The Age of the Pussyfoot
http://www.isfdb.org/cgi-bin/title.cgi?4970,The Omega Point
http://www.isfdb.org/cgi-bin/title.cgi?20689,The Insect Invasion
http://www.isfdb.org/cgi-bin/title.cgi?3251,The Clocks of Iraz
http://www.isfdb.org/cgi-bin/title.cgi?37307,Starshine
http://www.isfdb.org/cgi-bin/title.cgi?705,The Falling Torch
http://www.isfdb.org/cgi-bin/title.cgi?25732,Berserker
http://www.isfdb.org/cgi-bin/title.cgi?7211,Brother Assassin
http://www.isfdb.org/cgi-bin/title.cgi?38656,Entry to Elsewhen
http://www.isfdb.org/cgi-bin/title.cgi?22637,Earthstrings
http://www.isfdb.org/cgi-bin/title.cgi?3332,Ocean on Top
http://www.isfdb.org/cgi-bin/title.cgi?3309,The Dramaturges of Yan
http://www.isfdb.org/cgi-bin/title.cgi?11595,Cemetery World
http://www.isfdb.org/cgi-bin/title.cgi?9606,Vulcan's Hammer
http://www.isfdb.org/cgi-bin/title.cgi?4243,Tomorrow Is Too Far
http://www.isfdb.org/cgi-bin/title.cgi?1873,Gladiator-at-Law
http://www.isfdb.org/cgi-bin/title.cgi?11594,Our Children's Children
http://www.isfdb.org/cgi-bin/title.cgi?6131,Between Planets
http://www.isfdb.org/cgi-bin/title.cgi?36963,Envoy to New Worlds
http://www.isfdb.org/cgi-bin/title.cgi?956638,Foreword (Star Man)
http://www.isfdb.org/cgi-bin/title.cgi?4231,Hospital Station
http://www.isfdb.org/cgi-bin/title.cgi?910410,The Random Factor
http://www.isfdb.org/cgi-bin/title.cgi?1095,Stranger in a Strange Land
http://www.isfdb.org/cgi-bin/title.cgi?1095,Stranger in a Strange Land
http://www.isfdb.org/cgi-bin/title.cgi?1095,Stranger in a Strange Land
http://www.isfdb.org/cgi-bin/title.cgi?4232,Star Surgeon
http://www.isfdb.org/cgi-bin/title.cgi?984,Total Eclipse
http://www.isfdb.org/cgi-bin/title.cgi?1819,The Halloween Tree
http://www.isfdb.org/cgi-bin/title.cgi?37114,S.O.S. from Three Worlds
http://www.isfdb.org/cgi-bin/title.cgi?2094,City in the Sky
http://www.isfdb.org/cgi-bin/title.cgi?4233,Major Operation
http://www.isfdb.org/cgi-bin/title.cgi?21899,Quest for the Future
http://www.isfdb.org/cgi-bin/title.cgi?1358,The Puppet Masters
http://www.isfdb.org/cgi-bin/title.cgi?11599,Enchanted Pilgrimage
http://www.isfdb.org/cgi-bin/title.cgi?1633,The Lights in the Sky Are Stars
http://www.isfdb.org/cgi-bin/title.cgi?22677,The Battle of Forever
http://www.isfdb.org/cgi-bin/title.cgi?37680,Passport to Eternity
http://www.isfdb.org/cgi-bin/title.cgi?1384,A Plague of Pythons
http://www.isfdb.org/cgi-bin/title.cgi?453001,The Valley of Creation
http://www.isfdb.org/cgi-bin/title.cgi?26517,So Bright the Vision
http://www.isfdb.org/cgi-bin/title.cgi?11597,The Man with a Thousand Names
http://www.isfdb.org/cgi-bin/title.cgi?3310,The Wrong End of Time
http://www.isfdb.org/cgi-bin/title.cgi?1811,Have Space Suit - Will Travel
http://www.isfdb.org/cgi-bin/title.cgi?1145,Return to the Stars
http://www.isfdb.org/cgi-bin/title.cgi?1040837,The Trouble with Tycho
http://www.isfdb.org/cgi-bin/title.cgi?8531,The Deep Range
http://www.isfdb.org/cgi-bin/title.cgi?3289,The World Swappers
http://www.isfdb.org/cgi-bin/title.cgi?1117,The Stars My Destination
http://www.isfdb.org/cgi-bin/title.cgi?11589,Shakespeare's Planet
http://www.isfdb.org/cgi-bin/title.cgi?1009,Time Enough for Love
http://www.isfdb.org/cgi-bin/title.cgi?1009,Time Enough for Love
http://www.isfdb.org/cgi-bin/title.cgi?1009,Time Enough for Love
http://www.isfdb.org/cgi-bin/title.cgi?26757,The October Country
http://www.isfdb.org/cgi-bin/title.cgi?39881,Supermind
http://www.isfdb.org/cgi-bin/title.cgi?198105,Testament XXI
http://www.isfdb.org/cgi-bin/title.cgi?449,Exiled from Earth
http://www.isfdb.org/cgi-bin/title.cgi?37187,Best SF Stories of C. M. Kornbluth
http://www.isfdb.org/cgi-bin/title.cgi?4488,Les grognards d'Éridan
http://www.isfdb.org/cgi-bin/title.cgi?12086,Into Deepest Space
http://www.isfdb.org/cgi-bin/title.cgi?11586,The Anarchistic Colossus
http://www.isfdb.org/cgi-bin/title.cgi?38067,I Sing the Body Electric!
http://www.isfdb.org/cgi-bin/title.cgi?39682,The Space Scavengers
http://www.isfdb.org/cgi-bin/title.cgi?452591,The Haunted Stars
http://www.isfdb.org/cgi-bin/title.cgi?7581,Ballroom of the Skies
http://www.isfdb.org/cgi-bin/title.cgi?4491,L'empire du Baphomet
http://www.isfdb.org/cgi-bin/title.cgi?1197,Triplanetary
http://www.isfdb.org/cgi-bin/title.cgi?38067,I Sing the Body Electric!
http://www.isfdb.org/cgi-bin/title.cgi?20688,Explorers Into Infinity
http://www.isfdb.org/cgi-bin/title.cgi?1786,A Heritage of Stars
http://www.isfdb.org/cgi-bin/title.cgi?990,To Your Scattered Bodies Go
http://www.isfdb.org/cgi-bin/title.cgi?22662,NiezwyciężonyNiezwyciezony</span></div>
http://www.isfdb.org/cgi-bin/title.cgi?1198,First Lensman
http://www.isfdb.org/cgi-bin/title.cgi?22335,Nerves
http://www.isfdb.org/cgi-bin/title.cgi?11953,Mastodonia
http://www.isfdb.org/cgi-bin/title.cgi?1981,The Fabulous Riverboat
http://www.isfdb.org/cgi-bin/title.cgi?2233,Citizen of the Galaxy
http://www.isfdb.org/cgi-bin/title.cgi?1199,Galactic Patrol
http://www.isfdb.org/cgi-bin/title.cgi?3363,Too Many Magicians
http://www.isfdb.org/cgi-bin/title.cgi?1019956,Foreword (The Dark Design)
http://www.isfdb.org/cgi-bin/title.cgi?2169,The Dark Design
http://www.isfdb.org/cgi-bin/title.cgi?11955,The Fellowship of the Talisman
http://www.isfdb.org/cgi-bin/title.cgi?1200,Gray Lensman
http://www.isfdb.org/cgi-bin/title.cgi?7653,A Wizard of Earthsea
http://www.isfdb.org/cgi-bin/title.cgi?1861,The Gods Themselves
http://www.isfdb.org/cgi-bin/title.cgi?25791,Skirmish: The Great Short Fiction of Clifford D.Simak
http://www.isfdb.org/cgi-bin/title.cgi?25791,Skirmish: The Great Short Fiction of Clifford D.Simak
http://www.isfdb.org/cgi-bin/title.cgi?944,The Unicorn Girl
http://www.isfdb.org/cgi-bin/title.cgi?1732,Imperial Earth
http://www.isfdb.org/cgi-bin/title.cgi?1451,The Number of the Beast
http://www.isfdb.org/cgi-bin/title.cgi?1451,The Number of the Beast
http://www.isfdb.org/cgi-bin/title.cgi?1451,The Number of the Beast
http://www.isfdb.org/cgi-bin/title.cgi?1732,Imperial Earth
http://www.isfdb.org/cgi-bin/title.cgi?9560,A Woman a Day
http://www.isfdb.org/cgi-bin/title.cgi?7654,The Tombs of Atuan
http://www.isfdb.org/cgi-bin/title.cgi?25476,Renaissance
http://www.isfdb.org/cgi-bin/title.cgi?14876,The Visitors
http://www.isfdb.org/cgi-bin/title.cgi?14876,The Visitors
http://www.isfdb.org/cgi-bin/title.cgi?1201,Second Stage Lensmen
http://www.isfdb.org/cgi-bin/title.cgi?1592,The Magic Labyrinth
http://www.isfdb.org/cgi-bin/title.cgi?1592,The Magic Labyrinth
http://www.isfdb.org/cgi-bin/title.cgi?1592,The Magic Labyrinth
http://www.isfdb.org/cgi-bin/title.cgi?37559,Capricorn Games
http://www.isfdb.org/cgi-bin/title.cgi?7655,The Farthest Shore
http://www.isfdb.org/cgi-bin/title.cgi?5530,Dragonflight
http://www.isfdb.org/cgi-bin/title.cgi?2064,Dragonquest
http://www.isfdb.org/cgi-bin/title.cgi?861,The White Dragon
http://www.isfdb.org/cgi-bin/title.cgi?933,VALIS
http://www.isfdb.org/cgi-bin/title.cgi?933,VALIS
http://www.isfdb.org/cgi-bin/title.cgi?1202,Children of the Lens
http://www.isfdb.org/cgi-bin/title.cgi?3765,Wolfling
http://www.isfdb.org/cgi-bin/title.cgi?1074,Survey Ship
http://www.isfdb.org/cgi-bin/title.cgi?9147,Deus Irae
http://www.isfdb.org/cgi-bin/title.cgi?5145,The Ceres Solution
http://www.isfdb.org/cgi-bin/title.cgi?21979,Обитаемый остров
http://www.isfdb.org/cgi-bin/title.cgi?21979,Обитаемый остров
http://www.isfdb.org/cgi-bin/title.cgi?2075,Dr. Bloodmoney or How We Got Along After the Bomb
http://www.isfdb.org/cgi-bin/title.cgi?1230,The Anome
http://www.isfdb.org/cgi-bin/title.cgi?1362,Project Pope
http://www.isfdb.org/cgi-bin/title.cgi?1362,Project Pope
http://www.isfdb.org/cgi-bin/title.cgi?1203,The Vortex Blaster
http://www.isfdb.org/cgi-bin/title.cgi?861,The White Dragon
http://www.isfdb.org/cgi-bin/title.cgi?861,The White Dragon
http://www.isfdb.org/cgi-bin/title.cgi?1262,A Scanner Darkly
http://www.isfdb.org/cgi-bin/title.cgi?1319,Rendezvous with Rama
http://www.isfdb.org/cgi-bin/title.cgi?11928,The Lovers
http://www.isfdb.org/cgi-bin/title.cgi?7660,The Eye of the Heron
http://www.isfdb.org/cgi-bin/title.cgi?853034,The Future in Question
http://www.isfdb.org/cgi-bin/title.cgi?1378067,The Olympus Gambit
http://www.isfdb.org/cgi-bin/title.cgi?1378067,The Olympus Gambit
http://www.isfdb.org/cgi-bin/title.cgi?11952,Special Deliverance
http://www.isfdb.org/cgi-bin/title.cgi?5268,Ensign Flandry
http://www.isfdb.org/cgi-bin/title.cgi?4115,Voyage from Yesteryear
http://www.isfdb.org/cgi-bin/title.cgi?4115,Voyage from Yesteryear
http://www.isfdb.org/cgi-bin/title.cgi?853034,The Future in Question
http://www.isfdb.org/cgi-bin/title.cgi?2104,The Divine Invasion
http://www.isfdb.org/cgi-bin/title.cgi?37502,Galactic Effectuator
http://www.isfdb.org/cgi-bin/title.cgi?5144,Dagger of the Mind
http://www.isfdb.org/cgi-bin/title.cgi?38257,Long After Midnight
http://www.isfdb.org/cgi-bin/title.cgi?38257,Long After Midnight
http://www.isfdb.org/cgi-bin/title.cgi?123,Non-Stop
http://www.isfdb.org/cgi-bin/title.cgi?842682,The Best of Arthur C. Clarke: 1937-1955
http://www.isfdb.org/cgi-bin/title.cgi?28275,Dramocles: An Intergalactic Soap Opera
http://www.isfdb.org/cgi-bin/title.cgi?9502,Time Out of Joint
http://www.isfdb.org/cgi-bin/title.cgi?11454,Spacehounds of IPC
http://www.isfdb.org/cgi-bin/title.cgi?11951,Where the Evil Dwells
http://www.isfdb.org/cgi-bin/title.cgi?1004,A Time of Changes
http://www.isfdb.org/cgi-bin/title.cgi?464091,Author's Preface (Gods of Riverworld)
http://www.isfdb.org/cgi-bin/title.cgi?1859,Gods of Riverworld
http://www.isfdb.org/cgi-bin/title.cgi?9600,The Zap Gun
http://www.isfdb.org/cgi-bin/title.cgi?11940,The Gate of Time
http://www.isfdb.org/cgi-bin/title.cgi?5136,Ground Zero Man
http://www.isfdb.org/cgi-bin/title.cgi?6008,The Patchwork Girl
http://www.isfdb.org/cgi-bin/title.cgi?13718,Damnation Alley
http://www.isfdb.org/cgi-bin/title.cgi?1498,Moreta: Dragonlady of Pern
http://www.isfdb.org/cgi-bin/title.cgi?1498,Moreta: Dragonlady of Pern
http://www.isfdb.org/cgi-bin/title.cgi?1604,The Lost World
http://www.isfdb.org/cgi-bin/title.cgi?1694,Jack of Eagles
http://www.isfdb.org/cgi-bin/title.cgi?19266,Duende Meadow
http://www.isfdb.org/cgi-bin/title.cgi?19266,Duende Meadow
http://www.isfdb.org/cgi-bin/title.cgi?2361,Bill, the Galactic Hero
http://www.isfdb.org/cgi-bin/title.cgi?1330944,Moreau's Other Island
http://www.isfdb.org/cgi-bin/title.cgi?1884,Gateway
http://www.isfdb.org/cgi-bin/title.cgi?1884,Gateway
http://www.isfdb.org/cgi-bin/title.cgi?251161,The Poison Belt
http://www.isfdb.org/cgi-bin/title.cgi?8775,Computerworld
http://www.isfdb.org/cgi-bin/title.cgi?11954,Highway of Eternity
http://www.isfdb.org/cgi-bin/title.cgi?11954,Highway of Eternity
http://www.isfdb.org/cgi-bin/title.cgi?12796,In Our Hands, the Stars
http://www.isfdb.org/cgi-bin/title.cgi?1638,Lest Darkness Fall
http://www.isfdb.org/cgi-bin/title.cgi?5139,A Wreath of Stars
http://www.isfdb.org/cgi-bin/title.cgi?9683,The Languages of Pao
http://www.isfdb.org/cgi-bin/title.cgi?2320,Brain Wave
http://www.isfdb.org/cgi-bin/title.cgi?2372,Beyond the Blue Event Horizon
http://www.isfdb.org/cgi-bin/title.cgi?2372,Beyond the Blue Event Horizon
http://www.isfdb.org/cgi-bin/title.cgi?797,Null-A Three
http://www.isfdb.org/cgi-bin/title.cgi?37651,Worlds Without End
http://www.isfdb.org/cgi-bin/title.cgi?1901,Frankenstein Unbound
http://www.isfdb.org/cgi-bin/title.cgi?454,Rocannon's World
http://www.isfdb.org/cgi-bin/title.cgi?8058,Tintagel
http://www.isfdb.org/cgi-bin/title.cgi?12792,Plague from Space
http://www.isfdb.org/cgi-bin/title.cgi?5149,Fire Pattern
http://www.isfdb.org/cgi-bin/title.cgi?11980,Agent of Byzantium
http://www.isfdb.org/cgi-bin/title.cgi?11980,Agent of Byzantium
http://www.isfdb.org/cgi-bin/title.cgi?33481,Mirrorshades: The Cyberpunk Anthology
http://www.isfdb.org/cgi-bin/title.cgi?1016,Thrice Upon a Time
http://www.isfdb.org/cgi-bin/title.cgi?1801,Heechee Rendezvous
http://www.isfdb.org/cgi-bin/title.cgi?2270,The Cat Who Walks Through Walls
http://www.isfdb.org/cgi-bin/title.cgi?2270,The Cat Who Walks Through Walls
http://www.isfdb.org/cgi-bin/title.cgi?2420,Antibodies
http://www.isfdb.org/cgi-bin/title.cgi?590,The Man Who Pulled Down the Sky
http://www.isfdb.org/cgi-bin/title.cgi?453,Planet of Exile
http://www.isfdb.org/cgi-bin/title.cgi?25316,Dorsai!
http://www.isfdb.org/cgi-bin/title.cgi?2422,The Annals of the Heechee
http://www.isfdb.org/cgi-bin/title.cgi?1287,Roderick or The Education of a Young Machine
http://www.isfdb.org/cgi-bin/title.cgi?37580,The Preserving Machine
http://www.isfdb.org/cgi-bin/title.cgi?855,The Eyes of Heisenberg
http://www.isfdb.org/cgi-bin/title.cgi?39253,Lost Dorsai
http://www.isfdb.org/cgi-bin/title.cgi?37580,The Preserving Machine
http://www.isfdb.org/cgi-bin/title.cgi?7658,City of Illusions
http://www.isfdb.org/cgi-bin/title.cgi?8106,Metrophage
http://www.isfdb.org/cgi-bin/title.cgi?8106,Metrophage
http://www.isfdb.org/cgi-bin/title.cgi?39611,Pendulum
http://www.isfdb.org/cgi-bin/pl.cgi?373777,A nave das sombras
http://www.isfdb.org/cgi-bin/title.cgi?6312,First Flight
http://www.isfdb.org/cgi-bin/title.cgi?982,Tower of Glass
http://www.isfdb.org/cgi-bin/title.cgi?6426,Deep Quarry
http://www.isfdb.org/cgi-bin/title.cgi?94420,The American's Tale
http://www.isfdb.org/cgi-bin/title.cgi?1914,The Forever Man
http://www.isfdb.org/cgi-bin/title.cgi?1914,The Forever Man
http://www.isfdb.org/cgi-bin/title.cgi?636277,The Day After Judgment
http://www.isfdb.org/cgi-bin/title.cgi?956367,The Heart in the Egg
http://www.isfdb.org/cgi-bin/title.cgi?29636,Midas World
http://www.isfdb.org/cgi-bin/title.cgi?29636,Midas World
http://www.isfdb.org/cgi-bin/title.cgi?3732,Necromancer
http://www.isfdb.org/cgi-bin/title.cgi?732,The Road to the Rim
http://www.isfdb.org/cgi-bin/title.cgi?1346,The Ragged Astronauts
http://www.isfdb.org/cgi-bin/title.cgi?1346,The Ragged Astronauts
http://www.isfdb.org/cgi-bin/title.cgi?5274,We Claim These Stars!
http://www.isfdb.org/cgi-bin/title.cgi?9709,Bugs
http://www.isfdb.org/cgi-bin/title.cgi?12797,Homeworld
http://www.isfdb.org/cgi-bin/title.cgi?3734,Soldier, Ask Not
http://www.isfdb.org/cgi-bin/title.cgi?3734,Soldier, Ask Not
http://www.isfdb.org/cgi-bin/title.cgi?7666,The Big Time
http://www.isfdb.org/cgi-bin/title.cgi?117,The Dark Light Years
http://www.isfdb.org/cgi-bin/title.cgi?7817,A Graveyard for Lunatics: Another Tale of Two Cities
http://www.isfdb.org/cgi-bin/title.cgi?7817,A Graveyard for Lunatics: Another Tale of Two Cities
http://www.isfdb.org/cgi-bin/title.cgi?3294,The Astronauts Must Not Land
http://www.isfdb.org/cgi-bin/title.cgi?1326,Redshift Rendezvous
http://www.isfdb.org/cgi-bin/title.cgi?1326,Redshift Rendezvous
http://www.isfdb.org/cgi-bin/title.cgi?3733,The Spirit of Dorsai
http://www.isfdb.org/cgi-bin/title.cgi?27237,Anywhen
http://www.isfdb.org/cgi-bin/title.cgi?1008,Immortality, Inc.
http://www.isfdb.org/cgi-bin/title.cgi?9703,The Maracot Deep
http://www.isfdb.org/cgi-bin/title.cgi?4607,The Frozen Year
http://www.isfdb.org/cgi-bin/title.cgi?1574,The Man in the High Castle
http://www.isfdb.org/cgi-bin/title.cgi?1574,The Man in the High Castle
http://www.isfdb.org/cgi-bin/title.cgi?4654,The Coming of the Terrans
http://www.isfdb.org/cgi-bin/title.cgi?978393,Angel at Apogee
http://www.isfdb.org/cgi-bin/title.cgi?13717,The Dream Master
http://www.isfdb.org/cgi-bin/title.cgi?2352,Black Easter
http://www.isfdb.org/cgi-bin/title.cgi?1056,Tactics of Mistake
http://www.isfdb.org/cgi-bin/title.cgi?1056,Tactics of Mistake
http://www.isfdb.org/cgi-bin/title.cgi?9368,The Simulacra
http://www.isfdb.org/cgi-bin/title.cgi?1737,Traitor to the Living
http://www.isfdb.org/cgi-bin/title.cgi?939,Up the Line
http://www.isfdb.org/cgi-bin/title.cgi?2842392,The Quincunx of Time
http://www.isfdb.org/cgi-bin/title.cgi?5146,The Wooden Spaceships
http://www.isfdb.org/cgi-bin/title.cgi?5146,The Wooden Spaceships
http://www.isfdb.org/cgi-bin/title.cgi?1575,The Game-Players of Titan
http://www.isfdb.org/cgi-bin/title.cgi?3746,Sleepwalker's World
http://www.isfdb.org/cgi-bin/title.cgi?2102,Doctor Mirabilis
http://www.isfdb.org/cgi-bin/title.cgi?2102,Doctor Mirabilis
http://www.isfdb.org/cgi-bin/title.cgi?1384,A Plague of Pythons
http://www.isfdb.org/cgi-bin/title.cgi?794,The Universe Maker
http://www.isfdb.org/cgi-bin/title.cgi?5147,The Fugitive Worlds
http://www.isfdb.org/cgi-bin/title.cgi?5147,The Fugitive Worlds
http://www.isfdb.org/cgi-bin/title.cgi?37661,Galactic Cluster
http://www.isfdb.org/cgi-bin/title.cgi?1288,Roderick at Random
http://www.isfdb.org/cgi-bin/title.cgi?1288,Roderick at Random
http://www.isfdb.org/cgi-bin/title.cgi?11917,Dare
http://www.isfdb.org/cgi-bin/title.cgi?2476862,Midsummer Century
http://www.isfdb.org/cgi-bin/title.cgi?1803,Heavy Time
http://www.isfdb.org/cgi-bin/title.cgi?1803,Heavy Time
http://www.isfdb.org/cgi-bin/title.cgi?1428,Other Days, Other Eyes
http://www.isfdb.org/cgi-bin/title.cgi?2060,Dragonsong
http://www.isfdb.org/cgi-bin/title.cgi?3515,The Singers of Time
http://www.isfdb.org/cgi-bin/title.cgi?3515,The Singers of Time
http://www.isfdb.org/cgi-bin/title.cgi?110739,Fire and the Night
http://www.isfdb.org/cgi-bin/title.cgi?1023356,Siege Perilous
http://www.isfdb.org/cgi-bin/title.cgi?40042,... And All the Stars a Stage
http://www.isfdb.org/cgi-bin/title.cgi?186583,Hothouse
http://www.isfdb.org/cgi-bin/title.cgi?186583,Hothouse
http://www.isfdb.org/cgi-bin/title.cgi?5132,Night Walk
http://www.isfdb.org/cgi-bin/title.cgi?11176,Islands in the Sky
http://www.isfdb.org/cgi-bin/title.cgi?2061,Dragonsinger
http://www.isfdb.org/cgi-bin/title.cgi?2061,Dragonsinger
http://www.isfdb.org/cgi-bin/title.cgi?917,The Voices of Heaven
http://www.isfdb.org/cgi-bin/title.cgi?917,The Voices of Heaven
http://www.isfdb.org/cgi-bin/title.cgi?3745,Naked to the Stars
http://www.isfdb.org/cgi-bin/title.cgi?17881,Out of Sync
http://www.isfdb.org/cgi-bin/title.cgi?2544,The Bug Wars
http://www.isfdb.org/cgi-bin/title.cgi?2544,The Bug Wars
http://www.isfdb.org/cgi-bin/title.cgi?2065,Dragondrums
http://www.isfdb.org/cgi-bin/title.cgi?23483,Destiny Doll
http://www.isfdb.org/cgi-bin/title.cgi?23483,Destiny Doll
http://www.isfdb.org/cgi-bin/title.cgi?115,Earthworks
http://www.isfdb.org/cgi-bin/title.cgi?12016,The Gateway Trip
http://www.isfdb.org/cgi-bin/title.cgi?12016,The Gateway Trip
http://www.isfdb.org/cgi-bin/title.cgi?1028,They Shall Have Stars
http://www.isfdb.org/cgi-bin/title.cgi?17882,The Mutants Are Coming
http://www.isfdb.org/cgi-bin/title.cgi?17882,The Mutants Are Coming
http://www.isfdb.org/cgi-bin/title.cgi?38435,Tomorrow Came
http://www.isfdb.org/cgi-bin/title.cgi?11925,Inside Outside
http://www.isfdb.org/cgi-bin/title.cgi?37719,The Horn of Time
http://www.isfdb.org/cgi-bin/title.cgi?2026,Earthman, Come Home
http://www.isfdb.org/cgi-bin/title.cgi?2026,Earthman, Come Home
http://www.isfdb.org/cgi-bin/title.cgi?37609,The Saliva Tree and Other Strange Growths
http://www.isfdb.org/cgi-bin/title.cgi?961,The Triumph of Time
http://www.isfdb.org/cgi-bin/title.cgi?1720,In the Ocean of Night
http://www.isfdb.org/cgi-bin/title.cgi?1720,In the Ocean of Night
http://www.isfdb.org/cgi-bin/title.cgi?3100,Cloud's Rider
http://www.isfdb.org/cgi-bin/title.cgi?3100,Cloud's Rider
http://www.isfdb.org/cgi-bin/title.cgi?1635,A Life for the Stars
http://www.isfdb.org/cgi-bin/title.cgi?9127,The Malacia Tapestry
http://www.isfdb.org/cgi-bin/title.cgi?9127,The Malacia Tapestry
http://www.isfdb.org/cgi-bin/title.cgi?12058,O Pioneer!
http://www.isfdb.org/cgi-bin/title.cgi?980117,Nerilka's Story
http://www.isfdb.org/cgi-bin/title.cgi?225731,Transfer to Yesterday
http://www.isfdb.org/cgi-bin/title.cgi?225731,Transfer to Yesterday
http://www.isfdb.org/cgi-bin/title.cgi?2541,Phule's Company
http://www.isfdb.org/cgi-bin/title.cgi?2541,Phule's Company
http://www.isfdb.org/cgi-bin/title.cgi?680681,An Age
http://www.isfdb.org/cgi-bin/title.cgi?2172,The Dark Beyond the Stars
http://www.isfdb.org/cgi-bin/title.cgi?2172,The Dark Beyond the Stars
http://www.isfdb.org/cgi-bin/title.cgi?2540,Phule's Paradise
http://www.isfdb.org/cgi-bin/title.cgi?2540,Phule's Paradise
http://www.isfdb.org/cgi-bin/title.cgi?8737,Collision Course
http://www.isfdb.org/cgi-bin/title.cgi?12488,The Duplicated Man
http://www.isfdb.org/cgi-bin/title.cgi?20217,Tomorrow's World
http://www.isfdb.org/cgi-bin/title.cgi?1008,Immortality, Inc.
http://www.isfdb.org/cgi-bin/title.cgi?6744,The Exile of Time
http://www.isfdb.org/cgi-bin/title.cgi?756,The Rim of Space
http://www.isfdb.org/cgi-bin/title.cgi?423,Star Ways
http://www.isfdb.org/cgi-bin/title.cgi?28290,Driving Blind
http://www.isfdb.org/cgi-bin/title.cgi?3536,City on the Moon
http://www.isfdb.org/cgi-bin/title.cgi?424,Virgin Planet
http://www.isfdb.org/cgi-bin/title.cgi?1460,Nine Princes in Amber
http://www.isfdb.org/cgi-bin/title.cgi?1886,Gate of Ivrel
http://www.isfdb.org/cgi-bin/title.cgi?1825,The Guns of Avalon
http://www.isfdb.org/cgi-bin/title.cgi?1943,Fires of Azeroth
http://www.isfdb.org/cgi-bin/title.cgi?1943,Fires of Azeroth
http://www.isfdb.org/cgi-bin/title.cgi?2062,Dragonsdawn
http://www.isfdb.org/cgi-bin/title.cgi?2062,Dragonsdawn
http://www.isfdb.org/cgi-bin/title.cgi?21844,The Seedling Stars
http://www.isfdb.org/cgi-bin/title.cgi?1314,The Renegades of Pern
http://www.isfdb.org/cgi-bin/title.cgi?1314,The Renegades of Pern
http://www.isfdb.org/cgi-bin/title.cgi?38359,Out of This World
http://www.isfdb.org/cgi-bin/title.cgi?623357,Supertoys Last All Summer Long and Other Stories of Future Time
http://www.isfdb.org/cgi-bin/title.cgi?417,Well of Shiuan
http://www.isfdb.org/cgi-bin/title.cgi?417,Well of Shiuan
http://www.isfdb.org/cgi-bin/title.cgi?11726,Dreaming in Smoke
http://www.isfdb.org/cgi-bin/title.cgi?11726,Dreaming in Smoke
http://www.isfdb.org/cgi-bin/title.cgi?2437,All the Weyrs of Pern
http://www.isfdb.org/cgi-bin/title.cgi?2437,All the Weyrs of Pern
http://www.isfdb.org/cgi-bin/title.cgi?19450,Mission Child
http://www.isfdb.org/cgi-bin/title.cgi?19450,Mission Child
http://www.isfdb.org/cgi-bin/title.cgi?959,Trumps of Doom
http://www.isfdb.org/cgi-bin/title.cgi?1613,Lord Valentine's Castle
http://www.isfdb.org/cgi-bin/title.cgi?1613,Lord Valentine's Castle
http://www.isfdb.org/cgi-bin/title.cgi?1798,Helliconia Spring
http://www.isfdb.org/cgi-bin/title.cgi?1798,Helliconia Spring
http://www.isfdb.org/cgi-bin/title.cgi?1222,Sign of the Unicorn
http://www.isfdb.org/cgi-bin/title.cgi?1797,Helliconia Summer
http://www.isfdb.org/cgi-bin/title.cgi?1797,Helliconia Summer
http://www.isfdb.org/cgi-bin/title.cgi?1796,Helliconia Winter
http://www.isfdb.org/cgi-bin/title.cgi?1796,Helliconia Winter
http://www.isfdb.org/cgi-bin/title.cgi?1520,Mindplayers
http://www.isfdb.org/cgi-bin/title.cgi?1520,Mindplayers
http://www.isfdb.org/cgi-bin/title.cgi?15313,The Big Wheel
http://www.isfdb.org/cgi-bin/title.cgi?225721,Interworld
http://www.isfdb.org/cgi-bin/title.cgi?13448,The Coming Race
http://www.isfdb.org/cgi-bin/title.cgi?1817,The Hand of Oberon
http://www.isfdb.org/cgi-bin/title.cgi?2193,The Courts of Chaos
http://www.isfdb.org/cgi-bin/title.cgi?79815,Outerworld
http://www.isfdb.org/cgi-bin/title.cgi?2492,Blood of Amber
http://www.isfdb.org/cgi-bin/title.cgi?2478,Across the Sea of Suns
http://www.isfdb.org/cgi-bin/title.cgi?2478,Across the Sea of Suns
http://www.isfdb.org/cgi-bin/title.cgi?17880,Specterworld
http://www.isfdb.org/cgi-bin/title.cgi?1376620,A Conspiração dos Imortais
http://www.isfdb.org/cgi-bin/title.cgi?17885,Crystalworld
http://www.isfdb.org/cgi-bin/title.cgi?2036,Dune
